<BackupInst xmlns="http://www.microsoft.com/GroupPolicy/GPOOperations/Manifest"><GPOGuid><![CDATA[{B7EDE9FA-A78D-40A3-AE49-C391F54856C2}]]></GPOGuid><GPODomain><![CDATA[azureblog.pl]]></GPODomain><GPODomainGuid><![CDATA[{88ed5944-7d81-4c63-9643-bc4d2b6d95d5}]]></GPODomainGuid><GPODomainController><![CDATA[DC01.azureblog.pl]]></GPODomainController><BackupTime><![CDATA[2020-05-23T19:05:22]]></BackupTime><ID><![CDATA[{1EF41186-1E2A-4F8E-A60C-41DC5627A442}]]></ID><Comment><![CDATA[]]></Comment><GPODisplayName><![CDATA[Do Not Display Logon Information]]></GPODisplayName></BackupInst>
