<?xml version="1.0" encoding="utf-8"?><!-- Copyright (c) Microsoft Corporation.  All rights reserved. --><GroupPolicyBackupScheme bkp:version="2.0" bkp:type="GroupPolicyBackupTemplate" xmlns:bkp="http://www.microsoft.com/GroupPolicy/GPOOperations" xmlns="http://www.microsoft.com/GroupPolicy/GPOOperations">
    <GroupPolicyObject><SecurityGroups><Group><Sid/><SamAccountName><![CDATA[Administrators]]></SamAccountName><Type><![CDATA[Unknown]]></Type><NetBIOSDomainName/><DnsDomainName/><UPN/></Group><Group><Sid/><SamAccountName><![CDATA[Account Operators]]></SamAccountName><Type><![CDATA[Unknown]]></Type><NetBIOSDomainName/><DnsDomainName/><UPN/></Group><Group><Sid/><SamAccountName><![CDATA[Backup Operators]]></SamAccountName><Type><![CDATA[Unknown]]></Type><NetBIOSDomainName/><DnsDomainName/><UPN/></Group><Group><Sid/><SamAccountName><![CDATA[Cryptographic Operators]]></SamAccountName><Type><![CDATA[Unknown]]></Type><NetBIOSDomainName/><DnsDomainName/><UPN/></Group><Group><Sid/><SamAccountName><![CDATA[Print Operators]]></SamAccountName><Type><![CDATA[Unknown]]></Type><NetBIOSDomainName/><DnsDomainName/><UPN/></Group><Group><Sid/><SamAccountName><![CDATA[Server Operators]]></SamAccountName><Type><![CDATA[Unknown]]></Type><NetBIOSDomainName/><DnsDomainName/><UPN/></Group><Group><Sid><![CDATA[S-1-5-21-657827913-1895599540-1755036276-516]]></Sid><SamAccountName><![CDATA[Domain Controllers]]></SamAccountName><Type><![CDATA[GlobalGroup]]></Type><NetBIOSDomainName><![CDATA[AZUREBLOG]]></NetBIOSDomainName><DnsDomainName><![CDATA[azureblog.pl]]></DnsDomainName><UPN><![CDATA[Domain Controllers@azureblog.pl]]></UPN></Group><Group><Sid><![CDATA[S-1-5-21-657827913-1895599540-1755036276-518]]></Sid><SamAccountName><![CDATA[Schema Admins]]></SamAccountName><Type><![CDATA[UniversalGroup]]></Type><NetBIOSDomainName><![CDATA[AZUREBLOG]]></NetBIOSDomainName><DnsDomainName><![CDATA[azureblog.pl]]></DnsDomainName><UPN><![CDATA[Schema Admins@azureblog.pl]]></UPN></Group><Group><Sid><![CDATA[S-1-5-21-657827913-1895599540-1755036276-519]]></Sid><SamAccountName><![CDATA[Enterprise Admins]]></SamAccountName><Type><![CDATA[UniversalGroup]]></Type><NetBIOSDomainName><![CDATA[AZUREBLOG]]></NetBIOSDomainName><DnsDomainName><![CDATA[azureblog.pl]]></DnsDomainName><UPN><![CDATA[Enterprise Admins@azureblog.pl]]></UPN></Group><Group><Sid><![CDATA[S-1-5-21-657827913-1895599540-1755036276-512]]></Sid><SamAccountName><![CDATA[Domain Admins]]></SamAccountName><Type><![CDATA[GlobalGroup]]></Type><NetBIOSDomainName><![CDATA[AZUREBLOG]]></NetBIOSDomainName><DnsDomainName><![CDATA[azureblog.pl]]></DnsDomainName><UPN><![CDATA[Domain Admins@azureblog.pl]]></UPN></Group><Group><Sid><![CDATA[S-1-5-21-657827913-1895599540-1755036276-520]]></Sid><SamAccountName><![CDATA[Group Policy Creator Owners]]></SamAccountName><Type><![CDATA[GlobalGroup]]></Type><NetBIOSDomainName><![CDATA[AZUREBLOG]]></NetBIOSDomainName><DnsDomainName><![CDATA[azureblog.pl]]></DnsDomainName><UPN><![CDATA[Group Policy Creator Owners@azureblog.pl]]></UPN></Group><Group><Sid><![CDATA[S-1-5-21-657827913-1895599540-1755036276-521]]></Sid><SamAccountName><![CDATA[Read-only Domain Controllers]]></SamAccountName><Type><![CDATA[GlobalGroup]]></Type><NetBIOSDomainName><![CDATA[AZUREBLOG]]></NetBIOSDomainName><DnsDomainName><![CDATA[azureblog.pl]]></DnsDomainName><UPN><![CDATA[Read-only Domain Controllers@azureblog.pl]]></UPN></Group><Group><Sid><![CDATA[S-1-5-21-657827913-1895599540-1755036276-2101]]></Sid><SamAccountName><![CDATA[Tier0ReplicationMaintenance]]></SamAccountName><Type><![CDATA[GlobalGroup]]></Type><NetBIOSDomainName><![CDATA[AZUREBLOG]]></NetBIOSDomainName><DnsDomainName><![CDATA[azureblog.pl]]></DnsDomainName><UPN><![CDATA[Tier0ReplicationMaintenance@azureblog.pl]]></UPN></Group><Group><Sid><![CDATA[S-1-5-21-657827913-1895599540-1755036276-2102]]></Sid><SamAccountName><![CDATA[Tier1ServerMaintenance]]></SamAccountName><Type><![CDATA[GlobalGroup]]></Type><NetBIOSDomainName><![CDATA[AZUREBLOG]]></NetBIOSDomainName><DnsDomainName><![CDATA[azureblog.pl]]></DnsDomainName><UPN><![CDATA[Tier1ServerMaintenance@azureblog.pl]]></UPN></Group><Group><Sid><![CDATA[S-1-5-21-657827913-1895599540-1755036276-2103]]></Sid><SamAccountName><![CDATA[Tier2ServiceDeskOperators]]></SamAccountName><Type><![CDATA[GlobalGroup]]></Type><NetBIOSDomainName><![CDATA[AZUREBLOG]]></NetBIOSDomainName><DnsDomainName><![CDATA[azureblog.pl]]></DnsDomainName><UPN><![CDATA[Tier2ServiceDeskOperators@azureblog.pl]]></UPN></Group><Group><Sid><![CDATA[S-1-5-21-657827913-1895599540-1755036276-2104]]></Sid><SamAccountName><![CDATA[Tier2WorkstationMaintenance]]></SamAccountName><Type><![CDATA[GlobalGroup]]></Type><NetBIOSDomainName><![CDATA[AZUREBLOG]]></NetBIOSDomainName><DnsDomainName><![CDATA[azureblog.pl]]></DnsDomainName><UPN><![CDATA[Tier2WorkstationMaintenance@azureblog.pl]]></UPN></Group><Group><Sid><![CDATA[S-1-5-21-657827913-1895599540-1755036276-2105]]></Sid><SamAccountName><![CDATA[tier1admins]]></SamAccountName><Type><![CDATA[GlobalGroup]]></Type><NetBIOSDomainName><![CDATA[AZUREBLOG]]></NetBIOSDomainName><DnsDomainName><![CDATA[azureblog.pl]]></DnsDomainName><UPN><![CDATA[tier1admins@azureblog.pl]]></UPN></Group><Group><Sid><![CDATA[S-1-5-21-657827913-1895599540-1755036276-2106]]></Sid><SamAccountName><![CDATA[tier2admins]]></SamAccountName><Type><![CDATA[GlobalGroup]]></Type><NetBIOSDomainName><![CDATA[AZUREBLOG]]></NetBIOSDomainName><DnsDomainName><![CDATA[azureblog.pl]]></DnsDomainName><UPN><![CDATA[tier2admins@azureblog.pl]]></UPN></Group><Group><Sid><![CDATA[S-1-5-21-657827913-1895599540-1755036276-3101]]></Sid><SamAccountName><![CDATA[Tier0PAWUsers]]></SamAccountName><Type><![CDATA[GlobalGroup]]></Type><NetBIOSDomainName><![CDATA[AZUREBLOG]]></NetBIOSDomainName><DnsDomainName><![CDATA[azureblog.pl]]></DnsDomainName><UPN><![CDATA[Tier0PAWUsers@azureblog.pl]]></UPN></Group><Group><Sid><![CDATA[S-1-5-21-657827913-1895599540-1755036276-3102]]></Sid><SamAccountName><![CDATA[Tier0PAWMaint]]></SamAccountName><Type><![CDATA[GlobalGroup]]></Type><NetBIOSDomainName><![CDATA[AZUREBLOG]]></NetBIOSDomainName><DnsDomainName><![CDATA[azureblog.pl]]></DnsDomainName><UPN><![CDATA[Tier0PAWMaint@azureblog.pl]]></UPN></Group><Group><Sid><![CDATA[S-1-5-21-657827913-1895599540-1755036276-3103]]></Sid><SamAccountName><![CDATA[Tier1PAWUsers]]></SamAccountName><Type><![CDATA[GlobalGroup]]></Type><NetBIOSDomainName><![CDATA[AZUREBLOG]]></NetBIOSDomainName><DnsDomainName><![CDATA[azureblog.pl]]></DnsDomainName><UPN><![CDATA[Tier1PAWUsers@azureblog.pl]]></UPN></Group><Group><Sid><![CDATA[S-1-5-21-657827913-1895599540-1755036276-3104]]></Sid><SamAccountName><![CDATA[Tier1PAWMaint]]></SamAccountName><Type><![CDATA[GlobalGroup]]></Type><NetBIOSDomainName><![CDATA[AZUREBLOG]]></NetBIOSDomainName><DnsDomainName><![CDATA[azureblog.pl]]></DnsDomainName><UPN><![CDATA[Tier1PAWMaint@azureblog.pl]]></UPN></Group></SecurityGroups><FilePaths/><GroupPolicyCoreSettings><ID><![CDATA[{1DE541AF-4F8D-42BD-9D21-CBFEC42D8262}]]></ID><Domain><![CDATA[azureblog.pl]]></Domain><SecurityDescriptor>01 00 04 9c 00 00 00 00 00 00 00 00 00 00 00 00 14 00 00 00 04 00 ec 00 08 00 00 00 05 02 28 00 00 01 00 00 01 00 00 00 8f fd ac ed b3 ff d1 11 b4 1d 00 a0 c9 68 f9 39 01 01 00 00 00 00 00 05 0b 00 00 00 00 00 24 00 ff 00 0f 00 01 05 00 00 00 00 00 05 15 00 00 00 49 a8 35 27 b4 8d fc 70 74 ba 9b 68 00 02 00 00 00 02 24 00 ff 00 0f 00 01 05 00 00 00 00 00 05 15 00 00 00 49 a8 35 27 b4 8d fc 70 74 ba 9b 68 00 02 00 00 00 02 24 00 ff 00 0f 00 01 05 00 00 00 00 00 05 15 00 00 00 49 a8 35 27 b4 8d fc 70 74 ba 9b 68 07 02 00 00 00 02 14 00 94 00 02 00 01 01 00 00 00 00 00 05 09 00 00 00 00 02 14 00 94 00 02 00 01 01 00 00 00 00 00 05 0b 00 00 00 00 02 14 00 ff 00 0f 00 01 01 00 00 00 00 00 05 12 00 00 00 00 0a 14 00 ff 00 0f 00 01 01 00 00 00 00 00 03 00 00 00 00</SecurityDescriptor><DisplayName><![CDATA[Restrict Quarantine Logon]]></DisplayName><Options><![CDATA[1]]></Options><UserVersionNumber><![CDATA[131074]]></UserVersionNumber><MachineVersionNumber><![CDATA[131074]]></MachineVersionNumber><MachineExtensionGuids><![CDATA[[{827D319E-6EAC-11D2-A4EA-00C04F79F83A}{803E14A0-B4FB-11D0-A0D0-00A0C90F574B}]]]></MachineExtensionGuids><UserExtensionGuids/><WMIFilter/></GroupPolicyCoreSettings> 
        <GroupPolicyExtension bkp:ID="{35378EAC-683F-11D2-A89A-00C04FBBCFA2}" bkp:DescName="Registry">
            
            
            <FSObjectFile bkp:Path="%GPO_FSPATH%\Adm\*.*" bkp:SourceExpandedPath="\\DC01.azureblog.pl\sysvol\azureblog.pl\Policies\{1DE541AF-4F8D-42BD-9D21-CBFEC42D8262}\Adm\*.*"/>
        </GroupPolicyExtension>
        
        
        
        
        <GroupPolicyExtension bkp:ID="{827D319E-6EAC-11D2-A4EA-00C04F79F83A}" bkp:DescName="Security">
            <FSObjectFile bkp:Path="%GPO_MACH_FSPATH%\microsoft\windows nt\SecEdit\GptTmpl.inf" bkp:SourceExpandedPath="\\DC01.azureblog.pl\sysvol\azureblog.pl\Policies\{1DE541AF-4F8D-42BD-9D21-CBFEC42D8262}\Machine\microsoft\windows nt\SecEdit\GptTmpl.inf" bkp:ReEvaluateFunction="SecurityValidateSettings" bkp:Location="DomainSysvol\GPO\Machine\microsoft\windows nt\SecEdit\GptTmpl.inf"/>
        </GroupPolicyExtension>
        
        
        
        
    <GroupPolicyExtension bkp:ID="{F15C46CD-82A0-4C2D-A210-5D0D3182A418}" bkp:DescName="Unknown Extension"><FSObjectDir bkp:Path="%GPO_MACH_FSPATH%\Applications" bkp:SourceExpandedPath="\\DC01.azureblog.pl\sysvol\azureblog.pl\Policies\{1DE541AF-4F8D-42BD-9D21-CBFEC42D8262}\Machine\Applications" bkp:Location="DomainSysvol\GPO\Machine\Applications"/><FSObjectDir bkp:Path="%GPO_MACH_FSPATH%\microsoft" bkp:SourceExpandedPath="\\DC01.azureblog.pl\sysvol\azureblog.pl\Policies\{1DE541AF-4F8D-42BD-9D21-CBFEC42D8262}\Machine\microsoft" bkp:Location="DomainSysvol\GPO\Machine\microsoft"/><FSObjectDir bkp:Path="%GPO_MACH_FSPATH%\microsoft\windows nt" bkp:SourceExpandedPath="\\DC01.azureblog.pl\sysvol\azureblog.pl\Policies\{1DE541AF-4F8D-42BD-9D21-CBFEC42D8262}\Machine\microsoft\windows nt" bkp:Location="DomainSysvol\GPO\Machine\microsoft\windows nt"/><FSObjectDir bkp:Path="%GPO_MACH_FSPATH%\microsoft\windows nt\SecEdit" bkp:SourceExpandedPath="\\DC01.azureblog.pl\sysvol\azureblog.pl\Policies\{1DE541AF-4F8D-42BD-9D21-CBFEC42D8262}\Machine\microsoft\windows nt\SecEdit" bkp:Location="DomainSysvol\GPO\Machine\microsoft\windows nt\SecEdit"/><FSObjectDir bkp:Path="%GPO_MACH_FSPATH%\Scripts" bkp:SourceExpandedPath="\\DC01.azureblog.pl\sysvol\azureblog.pl\Policies\{1DE541AF-4F8D-42BD-9D21-CBFEC42D8262}\Machine\Scripts" bkp:Location="DomainSysvol\GPO\Machine\Scripts"/><FSObjectDir bkp:Path="%GPO_MACH_FSPATH%\Scripts\Shutdown" bkp:SourceExpandedPath="\\DC01.azureblog.pl\sysvol\azureblog.pl\Policies\{1DE541AF-4F8D-42BD-9D21-CBFEC42D8262}\Machine\Scripts\Shutdown" bkp:Location="DomainSysvol\GPO\Machine\Scripts\Shutdown"/><FSObjectDir bkp:Path="%GPO_MACH_FSPATH%\Scripts\Startup" bkp:SourceExpandedPath="\\DC01.azureblog.pl\sysvol\azureblog.pl\Policies\{1DE541AF-4F8D-42BD-9D21-CBFEC42D8262}\Machine\Scripts\Startup" bkp:Location="DomainSysvol\GPO\Machine\Scripts\Startup"/></GroupPolicyExtension></GroupPolicyObject>
</GroupPolicyBackupScheme>