<BackupInst xmlns="http://www.microsoft.com/GroupPolicy/GPOOperations/Manifest"><GPOGuid><![CDATA[{1DE541AF-4F8D-42BD-9D21-CBFEC42D8262}]]></GPOGuid><GPODomain><![CDATA[azureblog.pl]]></GPODomain><GPODomainGuid><![CDATA[{88ed5944-7d81-4c63-9643-bc4d2b6d95d5}]]></GPODomainGuid><GPODomainController><![CDATA[DC01.azureblog.pl]]></GPODomainController><BackupTime><![CDATA[2020-05-23T19:05:31]]></BackupTime><ID><![CDATA[{70E9154D-9966-41C1-8A4E-CC12DE13690A}]]></ID><Comment><![CDATA[]]></Comment><GPODisplayName><![CDATA[Restrict Quarantine Logon]]></GPODisplayName></BackupInst>
