<BackupInst xmlns="http://www.microsoft.com/GroupPolicy/GPOOperations/Manifest"><GPOGuid><![CDATA[{1421B66F-3379-4CE3-9B1B-2DC0B825EE14}]]></GPOGuid><GPODomain><![CDATA[azureblog.pl]]></GPODomain><GPODomainGuid><![CDATA[{88ed5944-7d81-4c63-9643-bc4d2b6d95d5}]]></GPODomainGuid><GPODomainController><![CDATA[DC01.azureblog.pl]]></GPODomainController><BackupTime><![CDATA[2020-06-01T17:49:38]]></BackupTime><ID><![CDATA[{40C19FA1-1F6F-40BE-A36C-4B187C8D57B8}]]></ID><Comment><![CDATA[]]></Comment><GPODisplayName><![CDATA[Kerberos client support for claims]]></GPODisplayName></BackupInst>
