<BackupInst xmlns="http://www.microsoft.com/GroupPolicy/GPOOperations/Manifest"><GPOGuid><![CDATA[{4375EFBD-38B3-4E79-91BE-197A34B8B892}]]></GPOGuid><GPODomain><![CDATA[azureblog.pl]]></GPODomain><GPODomainGuid><![CDATA[{88ed5944-7d81-4c63-9643-bc4d2b6d95d5}]]></GPODomainGuid><GPODomainController><![CDATA[DC01.azureblog.pl]]></GPODomainController><BackupTime><![CDATA[2020-05-23T19:05:54]]></BackupTime><ID><![CDATA[{4C7033E4-5408-452F-8EA8-820089B6DC10}]]></ID><Comment><![CDATA[]]></Comment><GPODisplayName><![CDATA[Tier0 PAW Configuration - User PAC]]></GPODisplayName></BackupInst>
