<BackupInst xmlns="http://www.microsoft.com/GroupPolicy/GPOOperations/Manifest"><GPOGuid><![CDATA[{4CC70DA5-BB28-4651-8394-F719F99FD7B9}]]></GPOGuid><GPODomain><![CDATA[azureblog.pl]]></GPODomain><GPODomainGuid><![CDATA[{88ed5944-7d81-4c63-9643-bc4d2b6d95d5}]]></GPODomainGuid><GPODomainController><![CDATA[DC01.azureblog.pl]]></GPODomainController><BackupTime><![CDATA[2020-05-23T19:06:04]]></BackupTime><ID><![CDATA[{7C6FC4CB-65C0-4A96-936D-9A62801368CE}]]></ID><Comment><![CDATA[]]></Comment><GPODisplayName><![CDATA[Tier1 PAW Configuration - Computer]]></GPODisplayName></BackupInst>
