<BackupInst xmlns="http://www.microsoft.com/GroupPolicy/GPOOperations/Manifest"><GPOGuid><![CDATA[{69A692F6-134C-4B08-A059-116D0F4DBA71}]]></GPOGuid><GPODomain><![CDATA[azureblog.pl]]></GPODomain><GPODomainGuid><![CDATA[{88ed5944-7d81-4c63-9643-bc4d2b6d95d5}]]></GPODomainGuid><GPODomainController><![CDATA[DC01.azureblog.pl]]></GPODomainController><BackupTime><![CDATA[2020-06-01T17:49:48]]></BackupTime><ID><![CDATA[{8F0D3219-2D5E-44F5-BD27-478395FD744B}]]></ID><Comment><![CDATA[]]></Comment><GPODisplayName><![CDATA[KDC Support for claims]]></GPODisplayName></BackupInst>
