<BackupInst xmlns="http://www.microsoft.com/GroupPolicy/GPOOperations/Manifest"><GPOGuid><![CDATA[{A37BE34E-A3FE-4DEE-AA1E-A3BC81CDCED3}]]></GPOGuid><GPODomain><![CDATA[azureblog.pl]]></GPODomain><GPODomainGuid><![CDATA[{88ed5944-7d81-4c63-9643-bc4d2b6d95d5}]]></GPODomainGuid><GPODomainController><![CDATA[DC01.azureblog.pl]]></GPODomainController><BackupTime><![CDATA[2020-05-23T19:06:08]]></BackupTime><ID><![CDATA[{2BF9F766-27CB-47C5-AEAC-6804D6DECB29}]]></ID><Comment><![CDATA[]]></Comment><GPODisplayName><![CDATA[Tier1 PAW Configuration - User]]></GPODisplayName></BackupInst>
