<BackupInst xmlns="http://www.microsoft.com/GroupPolicy/GPOOperations/Manifest"><GPOGuid><![CDATA[{57494173-6721-4C0F-A2CB-BE6083AD5991}]]></GPOGuid><GPODomain><![CDATA[azureblog.pl]]></GPODomain><GPODomainGuid><![CDATA[{88ed5944-7d81-4c63-9643-bc4d2b6d95d5}]]></GPODomainGuid><GPODomainController><![CDATA[DC01.azureblog.pl]]></GPODomainController><BackupTime><![CDATA[2020-05-23T19:06:20]]></BackupTime><ID><![CDATA[{5D3DCD2C-CD5D-4A26-AEAC-659556F43D13}]]></ID><Comment><![CDATA[]]></Comment><GPODisplayName><![CDATA[Tier2 Restrict Workstation Logon]]></GPODisplayName></BackupInst>
