<BackupInst xmlns="http://www.microsoft.com/GroupPolicy/GPOOperations/Manifest"><GPOGuid><![CDATA[{221C15F2-D130-431A-B557-B3793AABCDDE}]]></GPOGuid><GPODomain><![CDATA[azureblog.pl]]></GPODomain><GPODomainGuid><![CDATA[{88ed5944-7d81-4c63-9643-bc4d2b6d95d5}]]></GPODomainGuid><GPODomainController><![CDATA[DC01.azureblog.pl]]></GPODomainController><BackupTime><![CDATA[2020-05-23T19:05:37]]></BackupTime><ID><![CDATA[{F596D010-C445-4AC5-BCCF-6E7A2503CE78}]]></ID><Comment><![CDATA[]]></Comment><GPODisplayName><![CDATA[Tier0 PAW Configuration - Computer]]></GPODisplayName></BackupInst>
