<?xml version="1.0" encoding="utf-8"?>
<RegistrySettings clsid="{A3CCFC41-DFDB-43a5-8D26-0FE8B954DA51}"><Registry clsid="{9CD4B2F4-923D-47f5-A062-E897DD1DAD50}" name="ProxyEnable" status="ProxyEnable" image="6" changed="2020-05-03 14:15:57" uid="{B2EA82FA-1969-41A7-8AC3-4CFCF18AE633}" removePolicy="1" bypassErrors="1"><Properties action="R" displayDecimal="0" default="0" hive="HKEY_CURRENT_USER" key="Software\Microsoft\Windows\CurrentVersion\Internet Settings" name="ProxyEnable" type="REG_SZ" value="1"/><Filters><FilterGroup bool="AND" not="0" name="AZUREBLOG\Tier1PAWUsers" sid="S-1-5-21-657827913-1895599540-1755036276-2603" userContext="1" primaryGroup="0" localGroup="0"/></Filters></Registry>
	<Registry clsid="{9CD4B2F4-923D-47f5-A062-E897DD1DAD50}" name="ProxyServer" status="ProxyServer" image="6" changed="2020-05-03 14:15:45" uid="{EFD6E1D2-70E6-43E9-B8A0-8FA7993FE076}" removePolicy="1" bypassErrors="1"><Properties action="R" displayDecimal="0" default="0" hive="HKEY_CURRENT_USER" key="Software\Microsoft\Windows\CurrentVersion\Internet Settings" name="ProxyServer" type="REG_SZ" value="127.0.0.1:80"/><Filters><FilterGroup bool="AND" not="0" name="AZUREBLOG\Tier1PAWUsers" sid="S-1-5-21-657827913-1895599540-1755036276-2603" userContext="1" primaryGroup="0" localGroup="0"/></Filters></Registry>
</RegistrySettings>
