<BackupInst xmlns="http://www.microsoft.com/GroupPolicy/GPOOperations/Manifest"><GPOGuid><![CDATA[{9269F0B1-AA82-46BD-A6BA-8E675B616336}]]></GPOGuid><GPODomain><![CDATA[azureblog.pl]]></GPODomain><GPODomainGuid><![CDATA[{88ed5944-7d81-4c63-9643-bc4d2b6d95d5}]]></GPODomainGuid><GPODomainController><![CDATA[DC01.azureblog.pl]]></GPODomainController><BackupTime><![CDATA[2020-05-23T19:06:16]]></BackupTime><ID><![CDATA[{32565ECB-4024-45FB-AC4C-32D1B7E3DBEA}]]></ID><Comment><![CDATA[]]></Comment><GPODisplayName><![CDATA[Tier1 Restrict Server Logon]]></GPODisplayName></BackupInst>
