<?xml version="1.0" encoding="utf-8"?>
<Groups clsid="{3125E937-EB16-4b4c-9934-544FC6D24D26}"><Group clsid="{6D4A79E4-529C-4481-ABD0-F5BD7EA93BA7}" name="Administrators (built-in)" image="2" changed="2020-05-23 18:51:34" uid="{96B7D7C0-A660-4851-8C1E-6B6CC858531D}"><Properties action="U" newName="" description="" deleteAllUsers="1" deleteAllGroups="1" removeAccounts="0" groupSid="S-1-5-32-544" groupName="Administrators (built-in)"><Members><Member name="Administrator" action="ADD" sid=""/><Member name="AZUREBLOG\Tier0 PAW Maintenance" action="ADD" sid="S-1-5-21-657827913-1895599540-1755036276-3102"/></Members></Properties></Group>
	<Group clsid="{6D4A79E4-529C-4481-ABD0-F5BD7EA93BA7}" name="Backup Operators (built-in)" image="2" changed="2020-05-02 19:51:51" uid="{8EF6A831-772A-44E7-8C06-F989A132A915}"><Properties action="U" newName="" description="" deleteAllUsers="1" deleteAllGroups="1" removeAccounts="0" groupSid="S-1-5-32-551" groupName="Backup Operators (built-in)"/></Group>
	<Group clsid="{6D4A79E4-529C-4481-ABD0-F5BD7EA93BA7}" name="Cryptographic Operators (built-in)" image="2" changed="2020-05-02 19:52:09" uid="{8921DB1D-B0EA-47C0-939A-DE8EC751F0A6}"><Properties action="U" newName="" description="" deleteAllUsers="1" deleteAllGroups="1" removeAccounts="0" groupSid="S-1-5-32-569" groupName="Cryptographic Operators (built-in)"/></Group>
	<Group clsid="{6D4A79E4-529C-4481-ABD0-F5BD7EA93BA7}" name="Network Configuration Operators (built-in)" image="2" changed="2020-05-02 19:52:31" uid="{C0487B91-76A7-46E0-A1AE-E98C0E3A4DB3}"><Properties action="U" newName="" description="" deleteAllUsers="1" deleteAllGroups="1" removeAccounts="0" groupSid="S-1-5-32-556" groupName="Network Configuration Operators (built-in)"/></Group>
	<Group clsid="{6D4A79E4-529C-4481-ABD0-F5BD7EA93BA7}" name="Power Users (built-in)" image="2" changed="2020-05-03 15:15:33" uid="{360BD30A-D2C3-486E-BA52-EE9142B89A76}"><Properties action="U" newName="" description="" deleteAllUsers="1" deleteAllGroups="1" removeAccounts="0" groupSid="S-1-5-32-547" groupName="Power Users (built-in)"/></Group>
	<Group clsid="{6D4A79E4-529C-4481-ABD0-F5BD7EA93BA7}" name="Remote Desktop Users (built-in)" image="2" changed="2020-05-23 18:55:35" uid="{9305EF9F-7D6D-4D42-9040-90A170FCFFD0}"><Properties action="U" newName="" description="" deleteAllUsers="1" deleteAllGroups="1" removeAccounts="0" groupSid="S-1-5-32-555" groupName="Remote Desktop Users (built-in)"><Members><Member name="AZUREBLOG\Tier0 PAW Maintenance" action="ADD" sid="S-1-5-21-657827913-1895599540-1755036276-3102"/><Member name="AZUREBLOG\Tier0 PAW Users" action="ADD" sid="S-1-5-21-657827913-1895599540-1755036276-3101"/></Members></Properties></Group>
	<Group clsid="{6D4A79E4-529C-4481-ABD0-F5BD7EA93BA7}" name="Replicators (built-in)" image="2" changed="2020-05-02 19:52:59" uid="{252820B0-356C-4E4B-940C-66A74C87B0F2}"><Properties action="U" newName="" description="" deleteAllUsers="1" deleteAllGroups="1" removeAccounts="0" groupSid="S-1-5-32-552" groupName="Replicators (built-in)"/></Group>
</Groups>
