<BackupInst xmlns="http://www.microsoft.com/GroupPolicy/GPOOperations/Manifest"><GPOGuid><![CDATA[{3FDF7BD3-C493-48A9-BD09-D2AA3C19521B}]]></GPOGuid><GPODomain><![CDATA[azureblog.pl]]></GPODomain><GPODomainGuid><![CDATA[{88ed5944-7d81-4c63-9643-bc4d2b6d95d5}]]></GPODomainGuid><GPODomainController><![CDATA[DC01.azureblog.pl]]></GPODomainController><BackupTime><![CDATA[2020-05-23T19:05:59]]></BackupTime><ID><![CDATA[{46966231-C83D-42F6-88B5-0B1EBDBD5DC2}]]></ID><Comment><![CDATA[]]></Comment><GPODisplayName><![CDATA[Tier0 Restrict Server Logon]]></GPODisplayName></BackupInst>
