<BackupInst xmlns="http://www.microsoft.com/GroupPolicy/GPOOperations/Manifest"><GPOGuid><![CDATA[{28C9499C-9866-481D-94C2-BCBD9E99C135}]]></GPOGuid><GPODomain><![CDATA[azureblog.pl]]></GPODomain><GPODomainGuid><![CDATA[{88ed5944-7d81-4c63-9643-bc4d2b6d95d5}]]></GPODomainGuid><GPODomainController><![CDATA[DC01.azureblog.pl]]></GPODomainController><BackupTime><![CDATA[2020-05-23T19:05:49]]></BackupTime><ID><![CDATA[{DCBEE54D-0B0F-44CD-B9F4-532EF947E519}]]></ID><Comment><![CDATA[]]></Comment><GPODisplayName><![CDATA[Tier0 PAW Configuration - User]]></GPODisplayName></BackupInst>
