<BackupInst xmlns="http://www.microsoft.com/GroupPolicy/GPOOperations/Manifest"><GPOGuid><![CDATA[{E4C3FEFE-B3DF-4433-B2C5-04066B87C1E7}]]></GPOGuid><GPODomain><![CDATA[azureblog.pl]]></GPODomain><GPODomainGuid><![CDATA[{88ed5944-7d81-4c63-9643-bc4d2b6d95d5}]]></GPODomainGuid><GPODomainController><![CDATA[DC01.azureblog.pl]]></GPODomainController><BackupTime><![CDATA[2020-05-23T19:06:12]]></BackupTime><ID><![CDATA[{B9E332A3-0175-460E-8816-57E2C77551E3}]]></ID><Comment><![CDATA[]]></Comment><GPODisplayName><![CDATA[Tier1 PAW Configuration - User PAC]]></GPODisplayName></BackupInst>
