<Backups xmlns="http://www.microsoft.com/GroupPolicy/GPOOperations/Manifest" xmlns:mfst="http://www.microsoft.com/GroupPolicy/GPOOperations/Manifest" mfst:version="1.0"><BackupInst><GPOGuid><![CDATA[{57494173-6721-4C0F-A2CB-BE6083AD5991}]]></GPOGuid><GPODomain><![CDATA[azureblog.pl]]></GPODomain><GPODomainGuid><![CDATA[{88ed5944-7d81-4c63-9643-bc4d2b6d95d5}]]></GPODomainGuid><GPODomainController><![CDATA[DC01.azureblog.pl]]></GPODomainController><BackupTime><![CDATA[2020-05-23T19:06:20]]></BackupTime><ID><![CDATA[{5D3DCD2C-CD5D-4A26-AEAC-659556F43D13}]]></ID><Comment><![CDATA[]]></Comment><GPODisplayName><![CDATA[Tier2 Restrict Workstation Logon]]></GPODisplayName></BackupInst><BackupInst><GPOGuid><![CDATA[{9269F0B1-AA82-46BD-A6BA-8E675B616336}]]></GPOGuid><GPODomain><![CDATA[azureblog.pl]]></GPODomain><GPODomainGuid><![CDATA[{88ed5944-7d81-4c63-9643-bc4d2b6d95d5}]]></GPODomainGuid><GPODomainController><![CDATA[DC01.azureblog.pl]]></GPODomainController><BackupTime><![CDATA[2020-05-23T19:06:16]]></BackupTime><ID><![CDATA[{32565ECB-4024-45FB-AC4C-32D1B7E3DBEA}]]></ID><Comment><![CDATA[]]></Comment><GPODisplayName><![CDATA[Tier1 Restrict Server Logon]]></GPODisplayName></BackupInst><BackupInst><GPOGuid><![CDATA[{E4C3FEFE-B3DF-4433-B2C5-04066B87C1E7}]]></GPOGuid><GPODomain><![CDATA[azureblog.pl]]></GPODomain><GPODomainGuid><![CDATA[{88ed5944-7d81-4c63-9643-bc4d2b6d95d5}]]></GPODomainGuid><GPODomainController><![CDATA[DC01.azureblog.pl]]></GPODomainController><BackupTime><![CDATA[2020-05-23T19:06:12]]></BackupTime><ID><![CDATA[{B9E332A3-0175-460E-8816-57E2C77551E3}]]></ID><Comment><![CDATA[]]></Comment><GPODisplayName><![CDATA[Tier1 PAW Configuration - User PAC]]></GPODisplayName></BackupInst><BackupInst><GPOGuid><![CDATA[{A37BE34E-A3FE-4DEE-AA1E-A3BC81CDCED3}]]></GPOGuid><GPODomain><![CDATA[azureblog.pl]]></GPODomain><GPODomainGuid><![CDATA[{88ed5944-7d81-4c63-9643-bc4d2b6d95d5}]]></GPODomainGuid><GPODomainController><![CDATA[DC01.azureblog.pl]]></GPODomainController><BackupTime><![CDATA[2020-05-23T19:06:08]]></BackupTime><ID><![CDATA[{2BF9F766-27CB-47C5-AEAC-6804D6DECB29}]]></ID><Comment><![CDATA[]]></Comment><GPODisplayName><![CDATA[Tier1 PAW Configuration - User]]></GPODisplayName></BackupInst><BackupInst><GPOGuid><![CDATA[{4CC70DA5-BB28-4651-8394-F719F99FD7B9}]]></GPOGuid><GPODomain><![CDATA[azureblog.pl]]></GPODomain><GPODomainGuid><![CDATA[{88ed5944-7d81-4c63-9643-bc4d2b6d95d5}]]></GPODomainGuid><GPODomainController><![CDATA[DC01.azureblog.pl]]></GPODomainController><BackupTime><![CDATA[2020-05-23T19:06:04]]></BackupTime><ID><![CDATA[{7C6FC4CB-65C0-4A96-936D-9A62801368CE}]]></ID><Comment><![CDATA[]]></Comment><GPODisplayName><![CDATA[Tier1 PAW Configuration - Computer]]></GPODisplayName></BackupInst><BackupInst><GPOGuid><![CDATA[{3FDF7BD3-C493-48A9-BD09-D2AA3C19521B}]]></GPOGuid><GPODomain><![CDATA[azureblog.pl]]></GPODomain><GPODomainGuid><![CDATA[{88ed5944-7d81-4c63-9643-bc4d2b6d95d5}]]></GPODomainGuid><GPODomainController><![CDATA[DC01.azureblog.pl]]></GPODomainController><BackupTime><![CDATA[2020-05-23T19:05:59]]></BackupTime><ID><![CDATA[{46966231-C83D-42F6-88B5-0B1EBDBD5DC2}]]></ID><Comment><![CDATA[]]></Comment><GPODisplayName><![CDATA[Tier0 Restrict Server Logon]]></GPODisplayName></BackupInst><BackupInst><GPOGuid><![CDATA[{4375EFBD-38B3-4E79-91BE-197A34B8B892}]]></GPOGuid><GPODomain><![CDATA[azureblog.pl]]></GPODomain><GPODomainGuid><![CDATA[{88ed5944-7d81-4c63-9643-bc4d2b6d95d5}]]></GPODomainGuid><GPODomainController><![CDATA[DC01.azureblog.pl]]></GPODomainController><BackupTime><![CDATA[2020-05-23T19:05:54]]></BackupTime><ID><![CDATA[{4C7033E4-5408-452F-8EA8-820089B6DC10}]]></ID><Comment><![CDATA[]]></Comment><GPODisplayName><![CDATA[Tier0 PAW Configuration - User PAC]]></GPODisplayName></BackupInst><BackupInst><GPOGuid><![CDATA[{28C9499C-9866-481D-94C2-BCBD9E99C135}]]></GPOGuid><GPODomain><![CDATA[azureblog.pl]]></GPODomain><GPODomainGuid><![CDATA[{88ed5944-7d81-4c63-9643-bc4d2b6d95d5}]]></GPODomainGuid><GPODomainController><![CDATA[DC01.azureblog.pl]]></GPODomainController><BackupTime><![CDATA[2020-05-23T19:05:49]]></BackupTime><ID><![CDATA[{DCBEE54D-0B0F-44CD-B9F4-532EF947E519}]]></ID><Comment><![CDATA[]]></Comment><GPODisplayName><![CDATA[Tier0 PAW Configuration - User]]></GPODisplayName></BackupInst><BackupInst><GPOGuid><![CDATA[{221C15F2-D130-431A-B557-B3793AABCDDE}]]></GPOGuid><GPODomain><![CDATA[azureblog.pl]]></GPODomain><GPODomainGuid><![CDATA[{88ed5944-7d81-4c63-9643-bc4d2b6d95d5}]]></GPODomainGuid><GPODomainController><![CDATA[DC01.azureblog.pl]]></GPODomainController><BackupTime><![CDATA[2020-05-23T19:05:45]]></BackupTime><ID><![CDATA[{1E6B6CED-E567-4E62-84F4-C8322ED42DE6}]]></ID><Comment><![CDATA[]]></Comment><GPODisplayName><![CDATA[Tier0 PAW Configuration - Computer]]></GPODisplayName></BackupInst><BackupInst><GPOGuid><![CDATA[{221C15F2-D130-431A-B557-B3793AABCDDE}]]></GPOGuid><GPODomain><![CDATA[azureblog.pl]]></GPODomain><GPODomainGuid><![CDATA[{88ed5944-7d81-4c63-9643-bc4d2b6d95d5}]]></GPODomainGuid><GPODomainController><![CDATA[DC01.azureblog.pl]]></GPODomainController><BackupTime><![CDATA[2020-05-23T19:05:37]]></BackupTime><ID><![CDATA[{F596D010-C445-4AC5-BCCF-6E7A2503CE78}]]></ID><Comment><![CDATA[]]></Comment><GPODisplayName><![CDATA[Tier0 PAW Configuration - Computer]]></GPODisplayName></BackupInst><BackupInst><GPOGuid><![CDATA[{1DE541AF-4F8D-42BD-9D21-CBFEC42D8262}]]></GPOGuid><GPODomain><![CDATA[azureblog.pl]]></GPODomain><GPODomainGuid><![CDATA[{88ed5944-7d81-4c63-9643-bc4d2b6d95d5}]]></GPODomainGuid><GPODomainController><![CDATA[DC01.azureblog.pl]]></GPODomainController><BackupTime><![CDATA[2020-05-23T19:05:31]]></BackupTime><ID><![CDATA[{70E9154D-9966-41C1-8A4E-CC12DE13690A}]]></ID><Comment><![CDATA[]]></Comment><GPODisplayName><![CDATA[Restrict Quarantine Logon]]></GPODisplayName></BackupInst><BackupInst><GPOGuid><![CDATA[{B7EDE9FA-A78D-40A3-AE49-C391F54856C2}]]></GPOGuid><GPODomain><![CDATA[azureblog.pl]]></GPODomain><GPODomainGuid><![CDATA[{88ed5944-7d81-4c63-9643-bc4d2b6d95d5}]]></GPODomainGuid><GPODomainController><![CDATA[DC01.azureblog.pl]]></GPODomainController><BackupTime><![CDATA[2020-05-23T19:05:22]]></BackupTime><ID><![CDATA[{1EF41186-1E2A-4F8E-A60C-41DC5627A442}]]></ID><Comment><![CDATA[]]></Comment><GPODisplayName><![CDATA[Do Not Display Logon Information]]></GPODisplayName></BackupInst></Backups>